company,ats,link
NVIDIA,workday,https://nvidia.wd5.myworkdayjobs.com/en-US/NVIDIAExternalCareerSite/?q=intern&locationHierarchy1=2fcb99c455831013ea52fb338f2932d8
"Samsung Semiconductor",greenhouse,https://boards.greenhouse.io/samsungsemiconductor
"Lucid Motors",lever,https://jobs.lever.co/lucidmotors/
Qualcomm,eightfold,https://careers.qualcomm.com/careers/?query=intern&location=United%20States&pid=446694599363&domain=qualcomm.com&sort_by=relevance&triggerGoButton=false&triggerGoButton=true
Dolby,eightfold,https://jobs.dolby.com/careers?query=intern&location=United%20States&pid=19519852&domain=dolby.com&sort_by=relevance
Spotify,N/A,https://www.lifeatspotify.com/students
Leidos,workday,https://leidos.wd5.myworkdayjobs.com/External?q=intern
CACI,workday,https://caci.wd1.myworkdayjobs.com/External?q=intern
"Western Digital",smartrecruiters,https://careers.smartrecruiters.com/WesternDigital/university
Loop,greenhouse,https://boards.greenhouse.io/loop
Plus,lever,https://jobs.lever.co/plus-2?
DoubleVerify,greenhouse,https://boards.greenhouse.io/doubleverify
Roku,N/A,https://www.weareroku.com/jobs/search?page=1&query=intern
Databricks,greenhouse,https://boards.greenhouse.io/embed/job_board?for=Databricks
Snowflake,greenhouse,https://boards.greenhouse.io/embed/job_board?for=snowflakecomputing
Addepar,greenhouse,https://boards.greenhouse.io/addepar1
"Elevance Health",workday,https://elevancehealth.wd1.myworkdayjobs.com/en-US/ANT?q=internship
Intel,workday,https://intel.wd1.myworkdayjobs.com/External?q=intern
Astranis,greenhouse,https://boards.greenhouse.io/astranis
Olo,lever,https://jobs.lever.co/olo?commitment=Intern
Wisk,lever,https://jobs.lever.co/wisk?commitment=Intern
ThousandEyes,greenhouse,https://boards.greenhouse.io/thousandeyes
Plexus,workday,https://plexus.wd5.myworkdayjobs.com/Plexus_Careers/1/refreshFacet/318c8bb6f553100021d223d9780d30be
"Hewlett Packard",workday,https://hpe.wd5.myworkdayjobs.com/Jobsathpe?q=intern
"Cohere Health",greenhouse,https://boards.greenhouse.io/coherehealth
Autodesk,workday,https://autodesk.wd1.myworkdayjobs.com/Ext?q=intern
Truveta,greenhouse,https://boards.greenhouse.io/truveta
Proofpoint,workday,https://proofpoint.wd5.myworkdayjobs.com/ProofpointCareers?q=intern
Jackpocket,greenhouse,https://boards.greenhouse.io/jackpocket
"Procept BioRobotics",lever,https://jobs.lever.co/procept-biorobotics?commitment=Intern
"Open Farm",lever,https://jobs.lever.co/OpenFarmInc
Acorns,greenhouse,https://boards.greenhouse.io/embed/job_board?for=acorns
"Match Group",lever,https://jobs.lever.co/matchgroup?commitment=Internship
"Live Ramp",workday,https://liveramp.wd5.myworkdayjobs.com/en-US/LiveRampCareers?q=internship
"Harbinger Motors",greenhouse,https://boards.greenhouse.io/harbingermotors
"Bertram Capital Management",greenhouse,https://boards.greenhouse.io/bertramcapitalmanagement
Moxion,lever,https://jobs.lever.co/moxionpower?commitment=Internship
Cadence,workday,https://cadence.wd1.myworkdayjobs.com/en-US/External_Careers?q=intern
Kargo,greenhouse,https://boards.greenhouse.io/kargo
Box,greenhouse,https://boards.greenhouse.io/boxinc
Woven,lever,https://jobs.lever.co/woven-by-toyota?commitment=Intern
Pendo,greenhouse,https://boards.greenhouse.io/pendo
Yahoo,workday,https://ouryahoo.wd5.myworkdayjobs.com/en-US/careers?q=intern
ExodusPoint,greenhouse,https://boards.greenhouse.io/exoduspoint
Forbes,greenhouse,https://boards.greenhouse.io/forbes/
Span,greenhouse,https://boards.greenhouse.io/spanio
"Silvus Technologies",lever,https://jobs.lever.co/silvustechnologies?commitment=Internship
EarnIn,greenhouse,https://boards.greenhouse.io/earnin
"Raptor Maps",lever,https://jobs.lever.co/RaptorMaps?commitment=Intern%20-%20Remote
"Inari Agriculture",greenhouse,https://boards.greenhouse.io/embed/job_board?for=inariagriculture&b=https%3A%2F%2Finari.com%2Fcareers%2F
Minitab,greenhouse,https://boards.greenhouse.io/minitab
Kitware,lever,https://jobs.lever.co/kitware?commitment=Intern
NimbleRx,lever,https://jobs.lever.co/nimblerx?commitment=Intern
FlyxAI,greenhouse,https://boards.greenhouse.io/flyxai
Pathward,greenhouse,https://boards.greenhouse.io/pathward
Zanbato,greenhouse,https://boards.greenhouse.io/zanbato
"Latitude AI",greenhouse,https://boards.greenhouse.io/css-y8qsrx
Circle,greenhouse,https://boards.greenhouse.io/circle
Intradiem,greenhouse,https://boards.greenhouse.io/intradiem
WeRide,lever,https://jobs.lever.co/weride?commitment=Intern
"Aurora Innovation",greenhouse,https://boards.greenhouse.io/aurorainnovation
Illumina,workday,https://illumina.wd1.myworkdayjobs.com/illumina-universityrecruiting
PostEra,lever,https://jobs.lever.co/postera?commitment=Intern
"Recursion Pharmaceuticals",greenhouse,https://boards.greenhouse.io/recursionpharmaceuticals
"Garda Capital Partners",greenhouse,https://boards.greenhouse.io/gardacp
Alchemy,greenhouse,https://boards.greenhouse.io/alchemy
Insitro,greenhouse,https://boards.greenhouse.io/insitro
"Two Six Technologies",greenhouse,https://boards.greenhouse.io/twosixtechnologies
Taboola,greenhouse,https://boards.greenhouse.io/embed/job_board?for=taboola
Rhombus,greenhouse,https://boards.greenhouse.io/rhombuspower
Humane,greenhouse,https://boards.greenhouse.io/humane
Salesforce,workday,https://salesforce.wd12.myworkdayjobs.com/en-US/External_Career_Site/details/Summer-2024-Intern---Software-Engineer_JR210683?q=intern&workerSubType=3a910852b2c31010f48d2cefdccd0000
"Sigma Computing",greenhouse,https://boards.greenhouse.io/sigmacomputing
Branch,greenhouse,https://boards.greenhouse.io/branch
STR,greenhouse,https://boards.greenhouse.io/systemstechnologyresearch
"Allen Institute",greenhouse,https://boards.greenhouse.io/thealleninstitute
Schonfeld,greenhouse,https://boards.greenhouse.io/schonfeld
Symbotic,workday,https://symbotic.wd1.myworkdayjobs.com/en-US/Symbotic?q=internship
Alcon,workday,https://alcon.wd5.myworkdayjobs.com/careers_alcon?q=intern&locationCountry=bc33aa3152ec42d4995f4791a106ed09
"Graymatter Robotics",greenhouse,https://boards.greenhouse.io/graymatterrobotics
"Jump Trading",greenhouse,https://boards.greenhouse.io/embed/job_board?for=jumptrading&b=https%3A%2F%2Fwww.jumptrading.com%2Fcareers%2F5281435%2F
Sezzle,greenhouse,https://boards.greenhouse.io/sezzle
Point72,greenhouse,https://boards.greenhouse.io/point72
Rackner,greenhouse,https://boards.greenhouse.io/rackner
Fetch,greenhouse,https://boards.greenhouse.io/fetchrewards
"Squarepoint Capital",greenhouse,https://boards.greenhouse.io/embed/job_board?for=squarepointcapital
"The Block",lever,https://jobs.lever.co/theblockcrypto?commitment=Intern
Docugami,greenhouse,https://boards.greenhouse.io/docugami
